model,recall,f1,roc_auc,precision,accuracy,features,best_params,cv_best_score,conf_matrix,search_time
XGBoost (base),0.9259259259259259,0.9467265725288831,0.9856179448670882,0.9684832567301379,0.9826939115929941,18,"{'model__colsample_bytree': 1.0, 'model__gamma': 0.2, 'model__learning_rate': 0.1, 'model__max_depth': 3, 'model__min_child_weight': 1, 'model__n_estimators': 300, 'model__subsample': 1.0}",0.9259241734192937,"[[7951, 48], [118, 1475]]",574.8327569961548
Decision Tree (base),0.9196484620213434,0.9409120102761721,0.9614329145192113,0.9631821170282708,0.9808173477898249,18,"{'model__max_depth': 8, 'model__min_samples_leaf': 1, 'model__min_samples_split': 2}",0.9196388083831154,"[[7943, 56], [128, 1465]]",1.6300485134124756
Random Forest (base),0.9190207156308852,0.9348659003831418,0.9782887173514392,0.9512670565302144,0.9787322768974145,18,"{'model__max_depth': 5, 'model__max_features': 1.0, 'model__max_samples': 1.0, 'model__min_samples_leaf': 1, 'model__min_samples_split': 2, 'model__n_estimators': 300}",0.9190118491354665,"[[7924, 75], [129, 1464]]",1002.6343474388123
Logistic Regression (base),0.2558139534883721,0.3326133909287257,0.8900956603101848,0.47530864197530864,0.8270457852904959,18,"{'model__C': 1.0, 'model__penalty': 'l2', 'model__solver': 'liblinear'}",0.2558139534883721,"[[7003, 425], [1120, 385]]",4.521698951721191
