model,recall,f1,roc_auc,precision,accuracy,features,best_params,cv_best_score,conf_matrix,search_time
Logistic Regression with Flags (feature selection),0.878405315614618,0.8737607402511567,0.952629450923774,0.8691650230111768,0.9572372103436695,6,"{'model__C': 0.1, 'model__penalty': 'l1', 'model__solver': 'liblinear'}",0.9526518526527917,"[[7229, 199], [183, 1322]]",0.6887335777282715
Logistic Regression with Flags,0.8704318936877077,0.8724608724608726,0.9563332242015039,0.8744993324432577,0.9571252658681294,18,"{'model__C': 0.1, 'model__penalty': 'l2', 'model__solver': 'liblinear'}",0.9562667563719239,"[[7240, 188], [195, 1310]]",1.053839921951294
Logistic Regression with Interaction (feature selection),0.8664451827242525,0.8492347769456204,0.9601751118601253,0.8326947637292464,0.9481697078249188,6,"{'model__C': 10.0, 'model__penalty': 'l1', 'model__solver': 'liblinear'}",0.9602148108492594,"[[7166, 262], [201, 1304]]",2.925546884536743
Logistic Regression with Interaction,0.8518272425249169,0.8403802032120616,0.9630790919516169,0.8292367399741267,0.9454830404119556,18,"{'model__C': 1.0, 'model__penalty': 'l2', 'model__solver': 'liblinear'}",0.9631468189945764,"[[7164, 264], [223, 1282]]",4.18976902961731
Logistic Regression with Binning (feature selection),0.8172757475083057,0.799480012999675,0.9496821759097749,0.7824427480916031,0.9309302585917385,6,"{'model__C': 10.0, 'model__penalty': 'l2', 'model__solver': 'liblinear'}",0.9497778254728395,"[[7086, 342], [275, 1230]]",1.0520191192626953
Logistic Regression with Binning,0.7973421926910299,0.7939133311280184,0.9538353576393175,0.7905138339920948,0.9302585917384977,18,"{'model__C': 1.0, 'model__penalty': 'l2', 'model__solver': 'liblinear'}",0.9539035988558666,"[[7110, 318], [305, 1200]]",2.606276035308838
