model,recall,f2,f1,roc_auc,precision,accuracy,features,best_params,cv_best_score,conf_matrix,search_time
Logistic Regression with Interaction (feature selection),0.9601328903654485,0.8191609977324263,0.6713124274099885,0.8916664430358686,0.5160714285714286,0.8415985671107131,10,"{'model__C': 0.1, 'model__class_weight': 'balanced', 'model__penalty': 'l2', 'model__solver': 'liblinear'}",0.9601328903654485,"[[6073, 1355], [60, 1445]]",1.7814507484436035
Logistic Regression with Binning (feature selection),0.9395348837209302,0.8551040154813739,0.7535305089261923,0.9474808437858366,0.6290035587188612,0.8964513601253778,14,"{'model__C': 0.1, 'model__class_weight': 'balanced', 'model__penalty': 'l1', 'model__solver': 'liblinear'}",0.9395348837209301,"[[6594, 834], [91, 1414]]",1.2127530574798584
Logistic Regression with Binning,0.9375415282392027,0.8549442559379544,0.7551511907947551,0.9521591106292614,0.632168458781362,0.8975708048807791,26,"{'model__C': 0.1, 'model__class_weight': 'balanced', 'model__penalty': 'l2', 'model__solver': 'liblinear'}",0.9375415282392027,"[[6607, 821], [94, 1411]]",3.303009033203125
Logistic Regression with Interaction,0.9335548172757475,0.8081214770505004,0.6725706079463859,0.901326577894185,0.5256266367377479,0.8468599574610993,22,"{'model__C': 0.1, 'model__class_weight': 'balanced', 'model__penalty': 'l1', 'model__solver': 'liblinear'}",0.9335548172757475,"[[6160, 1268], [100, 1405]]",5.642074823379517
Logistic Regression with Flags,0.9176079734219269,0.8683350100603622,0.8036077974978179,0.9579516850133374,0.7148033126293996,0.9244374790104108,21,"{'model__C': 0.1, 'model__class_weight': 'balanced', 'model__penalty': 'l1', 'model__solver': 'liblinear'}",0.917607973421927,"[[6877, 551], [124, 1381]]",2.0315539836883545
Logistic Regression with Flags (feature selection),0.9176079734219269,0.8705244578920827,0.8083113842551947,0.953360455276524,0.7222803347280334,0.9266763685212135,9,"{'model__C': 0.1, 'model__class_weight': 'balanced', 'model__penalty': 'l1', 'model__solver': 'liblinear'}",0.9176079734219268,"[[6897, 531], [124, 1381]]",0.6503908634185791
