model,recall,f1,roc_auc,precision,accuracy,features,best_params,cv_best_score,conf_matrix,search_time
XGBoost,0.9215317011927181,0.9480142072973845,0.9866476953687008,0.976063829787234,0.9832151793160967,18,"{'model__colsample_bytree': 1.0, 'model__gamma': 0.2, 'model__learning_rate': 0.1, 'model__max_depth': 5, 'model__min_child_weight': 1, 'model__n_estimators': 100, 'model__subsample': 1.0}",0.9868627809200522,"[[7963, 36], [125, 1468]]",672.0842020511627
Decision Tree,0.9133709981167608,0.9200126462219412,0.9713622787280299,0.9267515923566879,0.9736238532110092,18,"{'model__max_depth': 4, 'model__min_samples_leaf': 5, 'model__min_samples_split': 6}",0.9729585027593473,"[[7884, 115], [138, 1455]]",1.0987296104431152
Random Forest,0.9058380414312618,0.9425212279555847,0.981300510963117,0.9823008849557522,0.981651376146789,18,"{'model__max_depth': None, 'model__max_features': 'sqrt', 'model__max_samples': 1.0, 'model__min_samples_leaf': 3, 'model__min_samples_split': 2, 'model__n_estimators': 500}",0.9818050729470713,"[[7973, 26], [150, 1443]]",943.0649325847626
Logistic Regression,0.24053156146179402,0.3171265878230399,0.8907654792765812,0.4652956298200514,0.8254785626329341,18,"{'model__C': 0.1, 'model__penalty': 'l1', 'model__solver': 'liblinear'}",0.8908972192348823,"[[7012, 416], [1143, 362]]",4.515811443328857
