model,recall,f1,roc_auc,precision,accuracy,features,best_params,cv_best_score,conf_matrix,search_time
XGBoost (base),0.9215317011927181,0.9480142072973845,0.9866476953687008,0.976063829787234,0.9832151793160967,18,"{'model__colsample_bytree': 1.0, 'model__gamma': 0.2, 'model__learning_rate': 0.1, 'model__max_depth': 5, 'model__min_child_weight': 1, 'model__n_estimators': 100, 'model__subsample': 1.0}",0.9868627809200522,"[[7963, 36], [125, 1468]]",547.1729018688202
Decision Tree (base),0.9133709981167608,0.9205947484973109,0.9713838602078869,0.9279336734693877,0.9738323603002502,18,"{'model__max_depth': 4, 'model__min_samples_leaf': 5, 'model__min_samples_split': 2}",0.9729585027593473,"[[7886, 113], [138, 1455]]",1.8427977561950684
Random Forest (base),0.90646578782172,0.9428664707802809,0.9814360034175647,0.9823129251700681,0.9817556296914095,18,"{'model__max_depth': None, 'model__max_features': 'sqrt', 'model__max_samples': 1.0, 'model__min_samples_leaf': 3, 'model__min_samples_split': 4, 'model__n_estimators': 500}",0.9823156359452418,"[[7973, 26], [149, 1444]]",920.2225251197815
Logistic Regression (base),0.2398671096345515,0.31638913234005256,0.8907660159904968,0.4646074646074646,0.825366618157394,18,"{'model__C': 0.1, 'model__penalty': 'l1', 'model__solver': 'liblinear'}",0.8908972189337773,"[[7012, 416], [1144, 361]]",5.809148788452148
