model,recall,f1,roc_auc,precision,accuracy,features,best_params,cv_best_score,conf_matrix,search_time
XGBoost,0.9215317011927181,0.9480142072973845,0.9866476953687008,0.976063829787234,0.9832151793160967,18,"{'model__colsample_bytree': 1.0, 'model__gamma': 0.2, 'model__learning_rate': 0.1, 'model__max_depth': 5, 'model__min_child_weight': 1, 'model__n_estimators': 100, 'model__subsample': 1.0}",0.9868627809200522,"[[7963, 36], [125, 1468]]",562.21528673172
Decision Tree,0.9133709981167608,0.9205947484973109,0.9713838602078869,0.9279336734693877,0.9738323603002502,18,"{'model__max_depth': 4, 'model__min_samples_leaf': 5, 'model__min_samples_split': 4}",0.9729585027593473,"[[7886, 113], [138, 1455]]",1.102062702178955
Random Forest,0.903954802259887,0.9408689970597844,0.9812402397757346,0.9809264305177112,0.9811301084236864,18,"{'model__max_depth': None, 'model__max_features': 'sqrt', 'model__max_samples': 0.7, 'model__min_samples_leaf': 3, 'model__min_samples_split': 2, 'model__n_estimators': 300}",0.9817352103261957,"[[7971, 28], [153, 1440]]",892.6672763824463
Logistic Regression,0.24053156146179402,0.3171265878230399,0.8907662843474543,0.4652956298200514,0.8254785626329341,18,"{'model__C': 0.1, 'model__penalty': 'l1', 'model__solver': 'liblinear'}",0.8908990074985882,"[[7012, 416], [1143, 362]]",4.80481481552124
