Model,Recall,F2,F1,PR AUC,ROC AUC,Precision,Accuracy,Features,Best Params,CV Best Score,Confusion Matrix,Search Time (s)
Logistic Regression with Binning (feature selection),0.9395348837209302,0.8551040154813739,0.7535305089261923,0.7080955188257543,0.9474808437858366,0.6290035587188612,0.8964513601253778,14,"{'model__C': 0.1, 'model__class_weight': 'balanced', 'model__penalty': 'l1', 'model__solver': 'liblinear'}",0.9395348837209301,"[[6594, 834], [91, 1414]]",6.086925268173218
Decision Tree (Core + Burnout),0.943502824858757,0.8870396600566572,0.8139723801787165,0.8085720869392733,0.9562573224980179,0.7157142857142857,0.9283778148457048,7,"{'model__class_weight': 'balanced', 'model__max_depth': 5, 'model__min_samples_leaf': 1, 'model__min_samples_split': 2}",0.9434948049131524,"[[7402, 597], [90, 1503]]",2.9998397827148438
Random Forest (Core + Burnout),0.9409918392969241,0.8963166706529538,0.8367289980463299,0.9311315740157652,0.9769805265206173,0.7532663316582915,0.9390116763969975,7,"{'model__n_estimators': 300, 'model__min_samples_split': 2, 'model__min_samples_leaf': 1, 'model__max_samples': 1.0, 'model__max_features': 1.0, 'model__max_depth': 5, 'model__class_weight': 'balanced'}",0.940990911062479,"[[7508, 491], [94, 1499]]",63.151997089385986
XGBoost (Core + Burnout),0.9365976145637163,0.9239534307654197,0.9056145675265554,0.9654620067288626,0.9837409054662906,0.8766157461809636,0.9675771476230192,7,"{'model__subsample': 1.0, 'model__scale_pos_weight': 5.02134337727558, 'model__reg_lambda': 2, 'model__reg_alpha': 1, 'model__n_estimators': 100, 'model__min_child_weight': 5, 'model__max_depth': 3, 'model__learning_rate': 0.2, 'model__gamma': 0.1, 'model__colsample_bytree': 0.6}",0.9365923384791308,"[[7789, 210], [101, 1492]]",17.408464431762695
